﻿<?xml version="1.0" encoding="utf-8"?>
<SiPolicy xmlns="urn:schemas-microsoft-com:sipolicy" PolicyType="Supplemental Policy">
  <VersionEx>1.0.0.0</VersionEx>
  <BasePolicyID>{FEEDACDC-BEEF-CACE-F00D-FEEDACDCF00D}</BasePolicyID>
  <PolicyID>{817C8595-ADB5-481B-88E9-ADE1D2A4896D}</PolicyID>
  <PlatformID>{2E07F7E4-194C-4D20-B7C9-6F44A6C5A234}</PlatformID>
  <Rules />
  <EKUs />
  <FileRules />
  <Signers />
  <SigningScenarios>
    <SigningScenario Value="131" ID="ID_SIGNINGSCENARIO_DRIVERS_1" >
      <ProductSigners />
    </SigningScenario>
    <SigningScenario Value="12" ID="ID_SIGNINGSCENARIO_WINDOWS" >
      <ProductSigners />
    </SigningScenario>
  </SigningScenarios>
  <UpdatePolicySigners />
  <CiSigners />
  <Settings>
    <Setting Provider="PolicyInfo" Key="Information" ValueName="Name">
      <Value>
        <String>REPLACEME</String>
      </Value>
    </Setting>
    <Setting Provider="PolicyInfo" Key="Information" ValueName="Id">
      <Value>
        <String>REPLACEME</String>
      </Value>
    </Setting>
  </Settings>
</SiPolicy>